USE game_collection;
DROP TABLE IF EXISTS DISPONIBILITY;
DROP TABLE IF EXISTS LIBRARY;
DROP TABLE IF EXISTS ACCOUNT;
DROP TABLE IF EXISTS GAME;
DROP TABLE IF EXISTS PLATFORM;

CREATE TABLE ACCOUNT
(
    id_user INT NOT NULL
    AUTO_INCREMENT,
    name_user VARCHAR
    (255) NOT NULL,
    surname_user VARCHAR
    (255) NOT NULL,
    email_user VARCHAR
    (255) NOT NULL,
    password_user VARCHAR
    (255) NOT NULL,
    PRIMARY KEY
    (id_user)
);

    CREATE TABLE GAME
    (
        name_game VARCHAR(255) NOT NULL,
        description_game VARCHAR(1000) NOT NULL,
        release_date_game DATE NOT NULL,
        editor_game VARCHAR(255) NOT NULL,
        url_image_game VARCHAR(255) NOT NULL,
        url_site_game VARCHAR(255) NOT NULL,
        PRIMARY KEY (name_game)
    );

    CREATE TABLE PLATFORM
    (
        name_platform VARCHAR(255) NOT NULL,
        PRIMARY KEY (name_platform)
    );

    CREATE TABLE LIBRARY
    (
        id_user INT NOT NULL,
        name_game VARCHAR(255) NOT NULL,
        hours_played_game INT NOT NULL DEFAULT 0,
        PRIMARY KEY (id_user, name_game),
        FOREIGN KEY (id_user) REFERENCES ACCOUNT(id_user),
        FOREIGN KEY (name_game) REFERENCES GAME(name_game)
    );

    CREATE TABLE DISPONIBILITY
    (
        name_game VARCHAR(255) NOT NULL,
        name_platform VARCHAR(255) NOT NULL,
        PRIMARY KEY (name_game, name_platform),
        FOREIGN KEY (name_game) REFERENCES GAME(name_game),
        FOREIGN KEY (name_platform) REFERENCES PLATFORM(name_platform)
    );

    INSERT INTO ACCOUNT
        (name_user, surname_user, email_user, password_user)
    VALUES
        ('Jean', 'Max', 'max@gmail.com', '$2y$10$HJ7lfDw92z2y3YH35NyYvO4eunnCgIomsExXf44YE3DyWFE0E990S'),
        ('Martin', 'Sophie', 'sophie.martin@gmail.com', '$2y$10$HJ7lfDw92z2y3YH35NyYvO4eunnCgIomsExXf44YE3DyWFE0E990S'),  
        ('Lefebvre', 'Claire', 'claire.lefebvre@gmail.com', '$2y$10$HJ7lfDw92z2y3YH35NyYvO4eunnCgIomsExXf44YE3DyWFE0E990S'),
        ('Rousseau', 'Alex', 'alex.rousseau@gmail.com','$2y$10$HJ7lfDw92z2y3YH35NyYvO4eunnCgIomsExXf44YE3DyWFE0E990S'),
        ('Blanchard', 'Éric', 'eric.blanchard@gmail.com', '$2y$10$HJ7lfDw92z2y3YH35NyYvO4eunnCgIomsExXf44YE3DyWFE0E990S'),
        ('Moreau', 'Lucie', 'lucie.moreau@gmail.com', '$2y$10$HJ7lfDw92z2y3YH35NyYvO4eunnCgIomsExXf44YE3DyWFE0E990S'),     
        ('Leclerc', 'Alice', 'alice.leclerc@gmail.com', '$2y$10$HJ7lfDw92z2y3YH35NyYvO4eunnCgIomsExXf44YE3DyWFE0E990S'),
        ('Moulin', 'Stéphane', 'stephane.moulin@gmail.com','$2y$10$HJ7lfDw92z2y3YH35NyYvO4eunnCgIomsExXf44YE3DyWFE0E990S'),
        ('Bertrand', 'Victor', 'victor.bertrand@gmail.com', '$2y$10$HJ7lfDw92z2y3YH35NyYvO4eunnCgIomsExXf44YE3DyWFE0E990S'),
        ('Lemaire', 'Julie', 'julie.lemaire@gmail.com', '$2y$10$HJ7lfDw92z2y3YH35NyYvO4eunnCgIomsExXf44YE3DyWFE0E990S'),
        ('Durand', 'Fabrice', 'fabrice.durand@gmail.com', '$2y$10$HJ7lfDw92z2y3YH35NyYvO4eunnCgIomsExXf44YE3DyWFE0E990S'),
        ('Michel', 'Sarah', 'sarah.michel@gmail.com', '$2y$10$HJ7lfDw92z2y3YH35NyYvO4eunnCgIomsExXf44YE3DyWFE0E990S'),
        ('Lambert', 'Olivier', 'olivier.lambert@gmail.com', '$2y$10$HJ7lfDw92z2y3YH35NyYvO4eunnCgIomsExXf44YE3DyWFE0E990S'),
        ('Garnier', 'Valérie', 'valerie.garnier@gmail.com', '$2y$10$HJ7lfDw92z2y3YH35NyYvO4eunnCgIomsExXf44YE3DyWFE0E990S'),
        ('Fournier', 'Guillaume', 'guillaume.fournier@gmail.com', '$2y$10$HJ7lfDw92z2y3YH35NyYvO4eunnCgIomsExXf44YE3DyWFE0E990S'),
        ('Leroy', 'Christine', 'christine.leroy@gmail.com', '$2y$10$HJ7lfDw92z2y3YH35NyYvO4eunnCgIomsExXf44YE3DyWFE0E990S'),
        ('Perrin', 'Philippe', 'philippe.perrin@gmail.com', '$2y$10$HJ7lfDw92z2y3YH35NyYvO4eunnCgIomsExXf44YE3DyWFE0E990S'),
        ('Catalon', 'Arkan', 'arkan.catalon@laposte.net', '$2y$10$HJ7lfDw92z2y3YH35NyYvO4eunnCgIomsExXf44YE3DyWFE0E990S'),
        ('Simon', 'Bernard', 'bernard.simon@gmail.com', '$2y$10$HJ7lfDw92z2y3YH35NyYvO4eunnCgIomsExXf44YE3DyWFE0E990S'),
        ('Henry', 'Françoise', 'francoise.henry@gmail.com', '$2y$10$HJ7lfDw92z2y3YH35NyYvO4eunnCgIomsExXf44YE3DyWFE0E990S'),
        ('Dupont', 'Marie', 'marie.dupont@gmail.com','$2y$10$HJ7lfDw92z2y3YH35NyYvO4eunnCgIomsExXf44YE3DyWFE0E990S');

    INSERT INTO GAME
        (name_game, description_game, release_date_game, editor_game, url_image_game, url_site_game)
    VALUES
        ('The Witcher 3', 'The Witcher 3: Wild Hunt is a 2015 action role-playing game developed and published by Polish developer CD Projekt Red and is based on The Witcher series of fantasy novels by Andrzej Sapkowski. It is the sequel to the 2011 game The Witcher 2: Assassins of Kings and the third main installment in the The Witcher''s video game series, played in an open world with a third-person perspective.', '2015-05-19', 'CD Projekt', 'https://upload.wikimedia.org/wikipedia/en/0/0c/Witcher_3_cover_art.jpg', 'https://thewitcher.com/en/witcher3'),
        ('The Witcher 2', 'The Witcher 2: Assassins of Kings is a 2011 action role-playing hack and slash video game developed by CD Projekt Red, based on The Witcher series of fantasy novels by Andrzej Sapkowski. It is the sequel to the 2007 game The Witcher, and was released for Microsoft Windows, Xbox 360, OS X, and Linux. The game was a critical and commercial success, selling more than 1.7 million units for the PC and Xbox 360 by May 2012.', '2011-05-17', 'CD Projekt', 'https://images.gog-statics.com/8355e657a19311b158a3553a154e109199d6991c7791a20c3305af1f84d15ed7.jpg', 'https://thewitcher.com/en/witcher2'),
        ('The Witcher', 'The Witcher is a 2007 action role-playing game developed by CD Projekt Red and published by Atari on Microsoft Windows and CD Projekt on OS X, based on the novel series of The Witcher by Polish author Andrzej Sapkowski, taking place after the events of the main saga. The story takes place in a medieval fantasy world and follows Geralt of Rivia, one of a few traveling monster hunters who have supernatural powers, known as Witchers.', '2007-10-26', 'CD Projekt', 'https://m.media-amazon.com/images/I/61UosecwFDS._AC_UF1000,1000_QL80_.jpg', 'https://thewitcher.com/en/witcher1'),
        ('Cyberpunk 2077', 'Cyberpunk 2077 is a 2020 action role-playing video game developed and published by CD Projekt. It was released for Microsoft Windows, PlayStation 4, Stadia, and Xbox One on 10 December 2020, and will come out for PlayStation 5 and Xbox Series X/S in 2021. The story takes place in Night City, an open world set in the Cyberpunk universe. Players assume the first-person perspective of a customisable mercenary known as V, who can acquire skills in hacking and machinery with options for melee and ranged combat.', '2020-12-10', 'CD Projekt', 'https://upload.wikimedia.org/wikipedia/en/9/9f/Cyberpunk_2077_box_art.jpg', 'https://www.cyberpunk.net/fr/fr/'),
        ('Minecraft', 'Minecraft is a sandbox video game developed by Mojang Studios. It allows players to build and explore virtual worlds made up of blocks. The game offers various modes, including survival mode, creative mode, and adventure mode.', '2011-11-18', 'Mojang Studios', 'https://upload.wikimedia.org/wikipedia/en/5/51/Minecraft_cover.png', 'https://www.minecraft.net/'),
        ('The Legend of Zelda: Breath of the Wild', 'The Legend of Zelda: Breath of the Wild is an action-adventure game developed and published by Nintendo. It is set in an open world and follows Link, who awakens from a hundred-year slumber to defeat Calamity Ganon and save the kingdom of Hyrule.', '2017-03-03', 'Nintendo', 'https://assets.nintendo.com/image/upload/ar_16:9,c_lpad,w_656/b_white/f_auto/q_auto/ncom/software/switch/70010000000025/7137262b5a64d921e193653f8aa0b722925abc5680380ca0e18a5cfd91697f58', 'https://www.zelda.com/breath-of-the-wild/'),
        ('Grand Theft Auto V', 'Grand Theft Auto V is an action-adventure game developed by Rockstar North and published by Rockstar Games. It is set in the fictional state of San Andreas and follows three criminals as they commit heists and navigate a vast open world.', '2013-09-17', 'Rockstar Games', 'https://upload.wikimedia.org/wikipedia/en/a/a5/Grand_Theft_Auto_V.png', 'https://www.rockstargames.com/V/'),
        ('Fortnite', 'Fortnite is a free-to-play battle royale game developed and published by Epic Games. It features a cartoonish art style and allows players to compete against each other in a last-person-standing deathmatch. The game also includes a creative mode where players can build structures and create their own worlds.', '2017-07-25', 'Epic Games', 'https://fs-prod-cdn.nintendo-europe.com/media/images/10_share_images/games_15/nintendo_switch_download_software_1/2x1_NSwitchDS_Fortnite_image1600w.jpg', 'https://www.epicgames.com/fortnite/'),
        ('Among Us', 'Among Us is an online multiplayer party game developed and published by InnerSloth. It takes place in a space-themed setting where players take on the roles of Crewmates and Impostors. Crewmates must complete tasks while Impostors try to sabotage their efforts and eliminate them.', '2018-06-15', 'InnerSloth', 'https://cdn1.epicgames.com/salesEvent/salesEvent/amoguslandscape_2560x1440-3fac17e8bb45d81ec9b2c24655758075', 'https://innersloth.com/gameAmongUs.php'),
        ('Assassin s Creed Valhalla', 'Assassin s Creed Valhalla is an action role-playing video game developed and published by Ubisoft. It is the twelfth major installment in the Assassin s Creed series and was released in 2020. The game is set in the Viking Age and follows the story of Eivor, a Viking raider who becomes embroiled in the conflict between the Brotherhood of Assassins and the Templar Order.', '2020-11-10', 'Ubisoft', 'https://gaming-cdn.com/images/products/6147/616x353/assassin-s-creed-valhalla-pc-jeu-ubisoft-connect-europe-cover.jpg?v=1697644479', 'https://www.ubisoft.com/en-us/game/assassins-creed/valhalla'),
        ('Red Dead Redemption 2', 'Red Dead Redemption 2 is an action-adventure game developed and published by Rockstar Games. It is the third entry in the Red Dead series and was released in 2018. The game is set in an open world and follows the story of Arthur Morgan, a member of the Van der Linde gang, as he navigates the dying Wild West.', '2018-10-26', 'Rockstar Games', 'https://upload.wikimedia.org/wikipedia/en/4/44/Red_Dead_Redemption_II.jpg', 'https://www.rockstargames.com/reddeadredemption2/'),
        ('The Last of Us Part II', 'The Last of Us Part II is an action-adventure game developed by Naughty Dog and published by Sony Interactive Entertainment. It is the sequel to The Last of Us and was released in 2020. The game is set in a post-apocalyptic world and follows the story of Ellie as she seeks revenge in a world filled with infected creatures and hostile human factions.', '2020-06-19', 'Naughty Dog', 'https://image.api.playstation.com/vulcan/img/rnd/202010/2618/itbSm3suGHSSHIpmu9CCPBRy.jpg', 'https://www.thelastofus.playstation.com/'),
        ('Call of Duty: Modern Warfare', 'Call of Duty: Modern Warfare is a first-person shooter game developed by Infinity Ward and published by Activision. It is a reboot of the Modern Warfare sub-series and was released in 2019. The game features a single-player campaign, multiplayer modes, and a cooperative mode, and is set in a modern-day conflict.', '2019-10-25', 'Activision', 'https://image.api.playstation.com/vulcan/img/cfn/1130791_COqLRw6IGlDVHxyV8aqC9_YaF0sCN8IbOlVhzJ6sWm5tlpKTjN8npK2vA_mUJUdyQjP4-U4rEnk7cScmlvoLzXi7.png', 'https://www.callofduty.com/modernwarfare'),
        ('FIFA 21', 'FIFA 21 is a football simulation game developed and published by Electronic Arts. It is the latest installment in the FIFA series and was released in 2020. The game features various game modes, including career mode, ultimate team, and online multiplayer, and includes licensed teams and players from around the world.', '2020-10-09', 'Electronic Arts', 'https://m.media-amazon.com/images/I/81X9dUZOA+L.jpg', 'https://www.ea.com/games/fifa/fifa-21'),
        ('Animal Crossing: New Horizons', 'Animal Crossing: New Horizons is a life simulation game developed and published by Nintendo. It was released in 2020 and is the latest installment in the Animal Crossing series. The game takes place on a deserted island and allows players to build and customize their own virtual paradise, interact with anthropomorphic animal villagers, and engage in various activities such as fishing, bug catching, and fossil hunting.', '2020-03-20', 'Nintendo', 'https://fs-prod-cdn.nintendo-europe.com/media/images/10_share_images/games_15/nintendo_switch_4/H2x1_NSwitch_AnimalCrossingNewHorizons_image1600w.jpg', 'https://www.animal-crossing.com/new-horizons/'),
        ('Super Mario Odyssey', 'Super Mario Odyssey is a platform game developed and published by Nintendo for the Nintendo Switch. It was released in 2017 and follows Mario as he embarks on a globe-trotting adventure to rescue Princess Peach from Bowser, who plans to marry her. The game features open-ended exploration and introduces new gameplay mechanics, such as Mario s ability to possess objects and enemies with his hat-shaped companion, Cappy.', '2017-10-27', 'Nintendo', 'https://assets.nintendo.com/image/upload/c_fill,w_1200/q_auto:best/f_auto/dpr_2.0/ncom/software/switch/70010000001130/c42553b4fd0312c31e70ec7468c6c9bccd739f340152925b9600631f2d29f8b5', 'https://www.nintendo.com/games/detail/super-mario-odyssey-switch/'),
        ('The Elder Scrolls V: Skyrim', 'The Elder Scrolls V: Skyrim is an action role-playing game developed by Bethesda Game Studios and published by Bethesda Softworks. It was released in 2011 and is the fifth main installment in The Elder Scrolls series. The game is set in the fictional province of Skyrim and follows the Dragonborn, a character with the power to defeat dragons and absorb their souls, as they navigate a civil war and a prophecy of the return of the dragons.', '2011-11-11', 'Bethesda Softworks', 'https://upload.wikimedia.org/wikipedia/en/1/15/The_Elder_Scrolls_V_Skyrim_cover.png', 'https://elderscrolls.bethesda.net/skyrim/'),
        ('Pokémon Sword and Shield', 'Pokémon Sword and Shield are role-playing games developed by Game Freak and published by The Pokémon Company and Nintendo. They were released in 2019 and are the first mainline Pokémon games for the Nintendo Switch. The games take place in the new Galar region and introduce new Pokémon species, gameplay mechanics, and a dynamic weather system.', '2019-11-15', 'The Pokémon Company', 'https://assets.nintendo.com/image/upload/ar_16:9,c_lpad,w_1240/b_white/f_auto/q_auto/ncom/software/switch/70010000004496/1a7e765fe91da863330208620c5446908cc7ae47108a80a168ff65356df764db', 'https://swordshield.pokemon.com/'),
        ('Overwatch', 'Overwatch is a team-based multiplayer first-person shooter game developed and published by Blizzard Entertainment. It was released in 2016 and features a diverse cast of heroes, each with their own unique abilities and playstyles. Players work together in teams to secure objectives and defeat the opposing team in fast-paced matches across various maps.', '2016-05-24', 'Blizzard Entertainment', 'https://upload.wikimedia.org/wikipedia/en/5/51/Overwatch_cover_art.jpg', 'https://playoverwatch.com/');
    
    INSERT INTO PLATFORM
        (name_platform)
    VALUES
        ('PC'),
        ('PS4'),
        ('Xbox One'),
        ('Nintendo Switch'),
        ('PS5'),
        ('Xbox Series X');
    

    INSERT INTO LIBRARY
        (id_user, name_game, hours_played_game)
    VALUES
        (1, 'The Witcher 3', 120),
        (1, 'The Witcher 2', 53),
        (1, 'The Witcher', 144),
        (1, 'Cyberpunk 2077', 2030),
        (1, 'Minecraft', 5234),
        (1, 'The Legend of Zelda: Breath of the Wild', 1430),
        (1, 'Grand Theft Auto V', 1023),
        (1, 'Fortnite', 1123),
        (1, 'Among us', 1053),
        (2, 'The Witcher 3', 10738),
        (2, 'The Witcher 2', 5735),
        (2, 'The Witcher', 1732),
        (2, 'Cyberpunk 2077', 2073),
        (2, 'Minecraft', 500),
        (2, 'The Legend of Zelda: Breath of the Wild', 100),
        (2, 'Grand Theft Auto V', 1780),
        (2, 'Fortnite', 10422),
        (2, 'Among us', 1023),
        (3, 'The Witcher 3', 13540),
        (3, 'The Witcher 2', 550),
        (3, 'The Witcher', 105),
        (3, 'Cyberpunk 2077', 200),
        (3, 'Minecraft', 503),
        (3, 'The Legend of Zelda: Breath of the Wild', 100),
        (3, 'Grand Theft Auto V', 100),
        (3, 'Fortnite', 1040),
        (3, 'Among us', 100),
        (4, 'The Witcher 3', 100),
        (4, 'The Witcher 2', 50),
        (4, 'The Witcher', 10),
        (4, 'Cyberpunk 2077', 200),
        (4, 'Minecraft', 500),
        (4, 'The Legend of Zelda: Breath of the Wild', 100),
        (4, 'Grand Theft Auto V', 1420),
        (4, 'Fortnite', 100),
        (4, 'Among us', 100),
        (5, 'The Witcher 3', 10843),
        (5, 'The Witcher 2', 834),
        (5, 'The Witcher', 10),
        (5, 'Cyberpunk 2077', 24340),
        (5, 'Minecraft', 500),
        (5, 'The Legend of Zelda: Breath of the Wild', 100),
        (5, 'Grand Theft Auto V', 100),
        (5, 'Fortnite', 100),
        (5, 'Among us', 100),
        (6, 'The Witcher 3', 100),
        (6, 'The Witcher 2', 4324),
        (6, 'The Witcher', 10),
        (6, 'Cyberpunk 2077', 20423),
        (6, 'Minecraft', 500),
        (6, 'The Legend of Zelda: Breath of the Wild', 100),
        (6, 'Grand Theft Auto V', 100),
        (6, 'Fortnite', 100),
        (6, 'Among us', 100),
        (7, 'The Witcher 3', 100),
        (7, 'The Witcher 2', 50),
        (7, 'The Witcher', 10),
        (7, 'Cyberpunk 2077', 200),
        (7, 'Minecraft', 500),
        (7, 'The Legend of Zelda: Breath of the Wild', 100),
        (7, 'Grand Theft Auto V', 100),
        (7, 'Fortnite', 14230),
        (7, 'Among us', 100),
        (8, 'The Witcher 3', 100),
        (8, 'The Witcher 2', 5342),
        (8, 'The Witcher', 10),
        (8, 'Cyberpunk 2077', 200),
        (8, 'Minecraft', 500),
        (8, 'The Legend of Zelda: Breath of the Wild', 100),
        (8, 'Grand Theft Auto V', 100),
        (8, 'Fortnite', 100),
        (8, 'Among us', 100),
        (9, 'The Witcher 3', 100),
        (9, 'The Witcher 2', 50),
        (9, 'The Witcher', 10),
        (9, 'Cyberpunk 2077', 200),
        (9, 'Minecraft', 500),
        (9, 'The Legend of Zelda: Breath of the Wild', 100),
        (9, 'Grand Theft Auto V', 100),
        (9, 'Fortnite', 100),
        (9, 'Among us', 100),
        (10, 'The Witcher 3', 100),
        (10, 'The Witcher 2', 51530),
        (10, 'The Witcher', 10),
        (10, 'Cyberpunk 2077', 200),
        (10, 'Minecraft', 500),
        (10, 'The Legend of Zelda: Breath of the Wild', 100),
        (10, 'Grand Theft Auto V', 100),
        (10, 'Fortnite', 100),
        (10, 'Among us', 100),
        (11, 'The Witcher 3', 100),
        (11, 'The Witcher 2', 50),
        (11, 'The Witcher', 10),
        (11, 'Cyberpunk 2077', 200),
        (11, 'Minecraft', 500),
        (11, 'The Legend of Zelda: Breath of the Wild', 100),
        (11, 'Grand Theft Auto V', 100),
        (11, 'Fortnite', 100),
        (11, 'Among us', 100),
        (12, 'The Witcher 3', 100),
        (12, 'The Witcher 2', 50),
        (12, 'The Witcher', 13434),
        (12, 'Cyberpunk 2077', 200),
        (12, 'Minecraft', 500),
        (12, 'The Legend of Zelda: Breath of the Wild', 100),
        (12, 'Grand Theft Auto V', 1340),
        (12, 'Fortnite', 100),
        (12, 'Among us', 100),
        (13, 'The Witcher 3', 100),
        (13, 'The Witcher 2', 50),
        (13, 'The Witcher', 10),
        (13, 'Cyberpunk 2077', 200),
        (13, 'Minecraft', 500),
        (13, 'The Legend of Zelda: Breath of the Wild', 100),
        (13, 'Grand Theft Auto V', 100),
        (13, 'Fortnite', 100),
        (13, 'Among us', 100),
        (14, 'The Witcher 3', 100),
        (14, 'The Witcher 2', 5870),
        (14, 'The Witcher', 10),
        (14, 'Cyberpunk 2077', 200),
        (14, 'Minecraft', 500),
        (14, 'The Legend of Zelda: Breath of the Wild', 100),
        (14, 'Grand Theft Auto V', 100),
        (14, 'Fortnite', 100),
        (14, 'Among us', 100),
        (15, 'The Witcher 3', 100),
        (15, 'The Witcher 2', 50),
        (15, 'The Witcher', 10),
        (15, 'Cyberpunk 2077', 200),
        (15, 'Minecraft', 500),
        (15, 'The Legend of Zelda: Breath of the Wild', 100),
        (15, 'Grand Theft Auto V', 100),
        (15, 'Fortnite', 100),
        (15, 'Among us', 100),
        (16, 'The Witcher 3', 100),
        (16, 'The Witcher 2', 50),
        (16, 'The Witcher', 10),
        (16, 'Cyberpunk 2077', 200),
        (16, 'Minecraft', 500),
        (16, 'The Legend of Zelda: Breath of the Wild', 100),
        (16, 'Grand Theft Auto V', 100),
        (16, 'Fortnite', 100),
        (16, 'Among us', 100),
        (17, 'The Witcher 3', 100),
        (17, 'The Witcher 2', 730),
        (17, 'The Witcher', 10),
        (17, 'Cyberpunk 2077', 200),
        (17, 'Minecraft', 500),
        (17, 'The Legend of Zelda: Breath of the Wild', 100),
        (17, 'Grand Theft Auto V', 100),
        (17, 'Fortnite', 100),
        (17, 'Among us', 100),
        (18, 'The Witcher 3', 1730),
        (18, 'The Witcher 2', 50),
        (18, 'The Witcher', 10),
        (18, 'Cyberpunk 2077', 2002),
        (18, 'Minecraft', 500),
        (18, 'The Legend of Zelda: Breath of the Wild', 100),
        (18, 'Grand Theft Auto V', 100),
        (18, 'Fortnite', 100),
        (18, 'Among us', 100),
        (19, 'The Witcher 3', 100),
        (19, 'The Witcher 2', 5052),
        (19, 'The Witcher', 10),
        (19, 'Cyberpunk 2077', 20320),
        (19, 'Minecraft', 500),
        (19, 'The Legend of Zelda: Breath of the Wild', 100),
        (19, 'Grand Theft Auto V', 100),
        (19, 'Fortnite', 100),
        (19, 'Among us', 100),
        (20, 'The Witcher 3', 100),
        (20, 'The Witcher 2', 504),
        (20, 'The Witcher', 10),
        (20, 'Cyberpunk 2077', 20320),
        (20, 'Minecraft', 500),
        (20, 'The Legend of Zelda: Breath of the Wild', 100),
        (20, 'Grand Theft Auto V', 100),
        (20, 'Fortnite', 100),
        (20, 'Among us', 100);

    INSERT INTO DISPONIBILITY
        (name_game, name_platform)
    VALUES
        ('The Witcher 3', 'PC'),
        ('The Witcher 3', 'PS4'),
        ('The Witcher 3', 'Xbox One'),
        ('The Witcher 3', 'PS5'),
        ('The Witcher 3', 'Xbox Series X'),
        ('The Witcher 2', 'PC'),
        ('The Witcher 2', 'PS4'),
        ('The Witcher 2', 'Xbox One'),
        ('The Witcher 2', 'PS5'),
        ('The Witcher 2', 'Xbox Series X'),
        ('The Witcher', 'PC'),
        ('The Witcher', 'PS4'),
        ('The Witcher', 'Xbox One'),
        ('The Witcher', 'PS5'),
        ('The Witcher', 'Xbox Series X'),
        ('Cyberpunk 2077', 'PC'),
        ('Cyberpunk 2077', 'PS5'),
        ('Cyberpunk 2077', 'Xbox Series X'),
        ('Minecraft', 'PC'),
        ('Minecraft', 'PS4'),
        ('Minecraft', 'Xbox One'),
        ('Minecraft', 'Nintendo Switch'),
        ('Minecraft', 'PS5'),
        ('Minecraft', 'Xbox Series X'),
        ('The Legend of Zelda: Breath of the Wild', 'Nintendo Switch'),
        ('Grand Theft Auto V', 'PC'),
        ('Grand Theft Auto V', 'PS4'),
        ('Grand Theft Auto V', 'Xbox One'),
        ('Grand Theft Auto V', 'PS5'),
        ('Grand Theft Auto V', 'Xbox Series X'),
        ('Fortnite', 'PC'),
        ('Fortnite', 'PS4'),
        ('Fortnite', 'Xbox One'),
        ('Fortnite', 'Nintendo Switch'),
        ('Fortnite', 'PS5'),
        ('Fortnite', 'Xbox Series X'),
        ('Among us', 'Nintendo Switch'),
        ('Among Us', 'PC'),
        ('Assassin s Creed Valhalla', 'PC'),
        ('Assassin s Creed Valhalla', 'PS4'),
        ('Assassin s Creed Valhalla', 'Xbox One'),
        ('Assassin s Creed Valhalla', 'PS5'),
        ('Assassin s Creed Valhalla', 'Xbox Series X'),
        ('Red Dead Redemption 2', 'PC'),
        ('Red Dead Redemption 2', 'PS4'),
        ('Red Dead Redemption 2', 'Xbox One'),
        ('The Last of Us Part II', 'PS4'),
        ('Call of Duty: Modern Warfare', 'PC'),
        ('Call of Duty: Modern Warfare', 'PS4'),
        ('Call of Duty: Modern Warfare', 'Xbox One'),
        ('FIFA 21', 'PC'),
        ('FIFA 21', 'PS4'),
        ('FIFA 21', 'Xbox One'),
        ('Animal Crossing: New Horizons', 'Nintendo Switch'),
        ('Super Mario Odyssey', 'Nintendo Switch'),
        ('The Elder Scrolls V: Skyrim', 'PC'),
        ('The Elder Scrolls V: Skyrim', 'PS4'),
        ('Pokémon Sword and Shield', 'Nintendo Switch'),
        ('Overwatch', 'PC'),
        ('Overwatch', 'PS4'),
        ('Overwatch', 'Xbox One');



    